<?xml version="1.0" encoding="UTF-8"?>

<AllergyIntolerance xmlns="http://hl7.org/fhir">
  <id value="MikePondMedicationAllergy"/>
  <meta>
    <profile value="http://fhir-arf-register.nardhc.org/StructureDefinition/ARFAllergy"/>
  </meta>
  <text>
    <status value="generated"/><div xmlns="http://www.w3.org/1999/xhtml"><p><b>Generated Narrative: AllergyIntolerance</b><a name="MikePondMedicationAllergy"> </a><a name="hcMikePondMedicationAllergy"> </a></p><div style="display: inline-block; background-color: #d9e0e7; padding: 6px; margin: 4px; border: 1px solid #8da1b4; border-radius: 5px; line-height: 60%"><p style="margin-bottom: 0px">ResourceAllergyIntolerance &quot;MikePondMedicationAllergy&quot; </p><p style="margin-bottom: 0px">Profile: <a href="StructureDefinition-ARFAllergy.html">ARFAllergy</a></p></div><p><b>clinicalStatus</b>: active <span style="background: LightGoldenRodYellow; margin: 4px; border: 1px solid khaki"> ([not stated]#active)</span></p><p><b>verificationStatus</b>: confirmed <span style="background: LightGoldenRodYellow; margin: 4px; border: 1px solid khaki"> ([not stated]#confirmed)</span></p><p><b>category</b>: medication</p><p><b>criticality</b>: high</p><p><b>code</b>: Carboplatin <span style="background: LightGoldenRodYellow; margin: 4px; border: 1px solid khaki"> (<a href="https://browser.ihtsdotools.org/">SNOWMED CT</a>#1907011000036106)</span></p><p><b>patient</b>: <a href="Patient-MikePondPatient.html">Patient/MikePondPatient</a> &quot; POND&quot;</p><h3>Reactions</h3><table class="grid"><tr><td style="display: none">-</td><td><b>Manifestation</b></td><td><b>Severity</b></td></tr><tr><td style="display: none">*</td><td>Anaphylaxis <span style="background: LightGoldenRodYellow; margin: 4px; border: 1px solid khaki"> (<a href="https://browser.ihtsdotools.org/">SNOWMED CT</a>#39579001)</span></td><td>severe</td></tr></table></div>
  </text>
  <clinicalStatus>
    <coding>
      <code value="active"/>
    </coding>
  </clinicalStatus>
  <verificationStatus>
    <coding>
      <code value="confirmed"/>
    </coding>
  </verificationStatus>
  <category value="medication"/>
  <criticality value="high"/>
  <code>
    <coding>
      <system value="http://snomed.info/sct"/>
      <code value="1907011000036106"/>
      <display value="Carboplatin"/>
    </coding>
    <text value="Carboplatin"/>
  </code>
  <patient>
    <reference value="Patient/MikePondPatient"/>
  </patient>
  <reaction>
    <manifestation>
      <coding>
        <system value="http://snomed.info/sct"/>
        <code value="39579001"/>
        <display value="Anaphylaxis"/>
      </coding>
    </manifestation>
    <severity value="severe"/>
  </reaction>
</AllergyIntolerance>