<?xml version="1.0" encoding="UTF-8"?>

<MedicationRequest xmlns="http://hl7.org/fhir">
  <id value="BicillinMedicationRequest"/>
  <meta>
    <profile value="http://fhir-arf-register.nardhc.org/StructureDefinition/ARFMedicationRequest"/>
  </meta>
  <text>
    <status value="generated"/><div xmlns="http://www.w3.org/1999/xhtml"><p><b>Generated Narrative: MedicationRequest</b><a name="BicillinMedicationRequest"> </a><a name="hcBicillinMedicationRequest"> </a></p><div style="display: inline-block; background-color: #d9e0e7; padding: 6px; margin: 4px; border: 1px solid #8da1b4; border-radius: 5px; line-height: 60%"><p style="margin-bottom: 0px">ResourceMedicationRequest &quot;BicillinMedicationRequest&quot; </p><p style="margin-bottom: 0px">Profile: <a href="StructureDefinition-ARFMedicationRequest.html">ARFMedicationRequest</a></p></div><p><b>identifier</b>: Local Prescription Number/1234567890</p><p><b>status</b>: active</p><p><b>intent</b>: plan</p><p><b>medication</b>: Bicillin L-A 1.2 million units (1016.6 mg)/2.3 mL injection, 2.3 mL syringe <span style="background: LightGoldenRodYellow; margin: 4px; border: 1px solid khaki"> (<a href="https://browser.ihtsdotools.org/">SNOWMED CT</a>#1276211000168102)</span></p><p><b>subject</b>: <a href="Patient-MikePondPatient.html">Patient/MikePondPatient</a> &quot; POND&quot;</p><p><b>authoredOn</b>: 2023-10-01</p><p><b>requester</b>: <a href="PractitionerRole-DoctorPayneRole1.html">PractitionerRole/DoctorPayneRole1</a></p><p><b>reasonCode</b>: Secondary prophylaxis for ARF/RHD <span style="background: LightGoldenRodYellow; margin: 4px; border: 1px solid khaki"> ()</span></p><h3>DosageInstructions</h3><table class="grid"><tr><td style="display: none">-</td><td><b>Text</b></td><td><b>Timing</b></td></tr><tr><td style="display: none">*</td><td>Bicillin injection every 28 days</td><td>Once per 4-5 weeks</td></tr></table><blockquote><p><b>dispenseRequest</b></p><h3>DispenseIntervals</h3><table class="grid"><tr><td style="display: none">-</td><td><b>Value</b></td><td><b>Unit</b></td><td><b>System</b></td><td><b>Code</b></td></tr><tr><td style="display: none">*</td><td>4</td><td>week</td><td><a href="http://terminology.hl7.org/5.0.0/CodeSystem-v3-ucum.html">Unified Code for Units of Measure (UCUM)</a></td><td>wk</td></tr></table><p><b>validityPeriod</b>: 2023-10-01 --&gt; 2024-10-01</p></blockquote></div>
  </text>
  <identifier>
    <type>
      <coding>
        <system value="http://terminology.hl7.org.au/CodeSystem/v2-0203"/>
        <code value="LPN"/>
      </coding>
    </type>
    <system value="http://veryremoteclinic.com.au/id/prescription/localsystem"/>
    <value value="1234567890"/>
    <assigner>
      <reference value="Organization/VeryRemoteClinic"/>
    </assigner>
  </identifier>
  <status value="active"/>
  <intent value="plan"/>
  <medicationCodeableConcept>
    <coding>
      <system value="http://snomed.info/sct"/>
      <code value="1276211000168102"/>
      <display value="Bicillin L-A 1.2 million units (1016.6 mg)/2.3 mL injection, 2.3 mL syringe"/>
    </coding>
  </medicationCodeableConcept>
  <subject>
    <reference value="Patient/MikePondPatient"/>
  </subject>
  <authoredOn value="2023-10-01"/>
  <requester>
    <reference value="PractitionerRole/DoctorPayneRole1"/>
  </requester>
  <reasonCode>
    <text value="Secondary prophylaxis for ARF/RHD"/>
  </reasonCode>
  <dosageInstruction>
    <text value="Bicillin injection every 28 days"/>
    <timing>
      <repeat>
        <frequency value="1"/>
        <period value="4"/>
        <periodMax value="5"/>
        <periodUnit value="wk"/>
      </repeat>
    </timing>
  </dosageInstruction>
  <dispenseRequest>
    <dispenseInterval>
      <value value="4"/>
      <unit value="week"/>
      <system value="http://unitsofmeasure.org"/>
      <code value="wk"/>
    </dispenseInterval>
    <validityPeriod>
      <start value="2023-10-01"/>
      <end value="2024-10-01"/>
    </validityPeriod>
  </dispenseRequest>
</MedicationRequest>