<?xml version="1.0" encoding="UTF-8"?><ValueSet xmlns="http://hl7.org/fhir"><id value="arf-diagnosis-vs"/><text><status value="generated"/><div xmlns="http://www.w3.org/1999/xhtml"><ul><li>Include these codes as defined in <a href="http://www.snomed.org/"><code>http://snomed.info/sct</code></a><table class="none"><tr><td style="white-space:nowrap"><b>Code</b></td><td><b>Display</b></td></tr><tr><td><a href="http://snomed.info/id/195528001">195528001</a></td><td>Acute rheumatic fever</td></tr><tr><td><a href="http://snomed.info/id/38933006">38933006</a></td><td>Recurrent rheumatic fever</td></tr><tr><td><a href="http://snomed.info/id/302471000210100">302471000210100</a></td><td>Rheumatic heart disease with absence of signs and symptoms of acute rheumatic fever</td></tr><tr><td><a href="http://snomed.info/id/299171000210109">299171000210109</a></td><td>History of acute rheumatic fever without heart disease</td></tr></table></li></ul></div></text><url value="http://fhir-arf-register.nardhc.org/ValueSet/arf-diagnosis-vs"/><version value="0.1.1"/><name value="ARFDiagnosisCodeVS"/><title value="Acute Rheumatic Fever and Rheumatic Heart Disease Conditions"/><status value="draft"/><date value="2024-05-15T10:53:52+10:00"/><publisher value="Northern Australia Regional Digital Health Collaborative"/><contact><name value="Northern Australia Regional Digital Health Collaborative"/><telecom><system value="url"/><value value="https://nardhc.org"/></telecom></contact><description value="Acute Rheumatic Fever and Rheumatic Heart Disease Conditions"/><compose><include><system value="http://snomed.info/sct"/><concept><code value="195528001"/><display value="Acute rheumatic fever"/></concept><concept><code value="38933006"/><display value="Recurrent rheumatic fever"/></concept><concept><code value="302471000210100"/><display value="Rheumatic heart disease with absence of signs and symptoms of acute rheumatic fever"/></concept><concept><code value="299171000210109"/><display value="History of acute rheumatic fever without heart disease"/></concept></include></compose></ValueSet>