{
  "codeSystems" : [
    {
      "url" : "http://snomed.info/sct",
      "version" : null,
      "status" : "active",
      "name" : "SNOMED_CT",
      "title" : "SNOMED CT (all versions)",
      "description" : "SNOMED CT is the most comprehensive and precise clinical health terminology product in the world, owned and distributed around the world by The International Health Terminology Standards Development Organisation (IHTSDO).",
      "oids" : ["2.16.840.1.113883.6.96"],
      "uses" : {
      },
      "ValueSet-arf-diagnosis-vs.html" : "Acute Rheumatic Fever and Rheumatic Heart Disease Conditions",
      "ValueSet-arf-severity-vs.html" : "Acute Rheumatic Fever Condition Severity",
      "ValueSet-arf-medication-code-vs.html" : "Medication Codes for Acute Rheumatic Fever"
    }
  ]
}
