<?xml version="1.0" encoding="UTF-8"?>

<Condition xmlns="http://hl7.org/fhir">
  <id value="MikePondCondition"/>
  <meta>
    <profile value="http://fhir-arf-register.nardhc.org/StructureDefinition/ARFCondition"/>
  </meta>
  <text>
    <status value="generated"/><div xmlns="http://www.w3.org/1999/xhtml"><p><b>Generated Narrative: Condition </b><a name="MikePondCondition"> </a><a name="hcMikePondCondition"> </a></p><div style="display: inline-block; background-color: #d9e0e7; padding: 6px; margin: 4px; border: 1px solid #8da1b4; border-radius: 5px; line-height: 60%"><p style="margin-bottom: 0px">ResourceCondition &quot;MikePondCondition&quot; </p><p style="margin-bottom: 0px">Profile: <a href="StructureDefinition-ARFCondition.html">ARFCondition</a></p></div><p><b>identifier</b>: <code>http://arf-register.nardhc.org/system/registration-id</code>/ARF1000123</p><p><b>clinicalStatus</b>: Active <span style="background: LightGoldenRodYellow; margin: 4px; border: 1px solid khaki"> (<a href="http://terminology.hl7.org/5.5.0/CodeSystem-condition-clinical.html">Condition Clinical Status Codes</a>#active)</span></p><p><b>verificationStatus</b>: Confirmed <span style="background: LightGoldenRodYellow; margin: 4px; border: 1px solid khaki"> (<a href="http://terminology.hl7.org/5.5.0/CodeSystem-condition-ver-status.html">ConditionVerificationStatus</a>#confirmed)</span></p><p><b>category</b>: Problem List Item <span style="background: LightGoldenRodYellow; margin: 4px; border: 1px solid khaki"> (<a href="http://terminology.hl7.org/5.5.0/CodeSystem-condition-category.html">Condition Category Codes</a>#problem-list-item)</span></p><p><b>severity</b>: Moderate severity <span style="background: LightGoldenRodYellow; margin: 4px; border: 1px solid khaki"> (<a href="https://browser.ihtsdotools.org/">SNOMED CT</a>#6736007)</span></p><p><b>code</b>: Acute rheumatic fever <span style="background: LightGoldenRodYellow; margin: 4px; border: 1px solid khaki"> (<a href="https://browser.ihtsdotools.org/">SNOMED CT</a>#195528001)</span></p><p><b>subject</b>: <a href="Patient-MikePondPatient.html">Patient/MikePondPatient</a> &quot; POND&quot;</p><p><b>onset</b>: 1995-02-02</p><p><b>recordedDate</b>: 2023-01-30</p><p><b>recorder</b>: <a href="Practitioner-DoctorPayne.html">Practitioner/DoctorPayne</a> &quot; PAYNE&quot;</p><p><b>asserter</b>: <a href="Practitioner-DoctorPayne.html">Practitioner/DoctorPayne</a> &quot; PAYNE&quot;</p></div>
  </text>
  <identifier>
    <system value="http://arf-register.nardhc.org/system/registration-id"/>
    <value value="ARF1000123"/>
  </identifier>
  <clinicalStatus>
    <coding>
      <system value="http://terminology.hl7.org/CodeSystem/condition-clinical"/>
      <code value="active"/>
      <display value="Active"/>
    </coding>
  </clinicalStatus>
  <verificationStatus>
    <coding>
      <system value="http://terminology.hl7.org/CodeSystem/condition-ver-status"/>
      <code value="confirmed"/>
      <display value="Confirmed"/>
    </coding>
  </verificationStatus>
  <category>
    <coding>
      <system value="http://terminology.hl7.org/CodeSystem/condition-category"/>
      <code value="problem-list-item"/>
      <display value="Problem List Item"/>
    </coding>
  </category>
  <severity>
    <coding>
      <system value="http://snomed.info/sct"/>
      <code value="6736007"/>
      <display value="Moderate severity"/>
    </coding>
  </severity>
  <code>
    <coding>
      <system value="http://snomed.info/sct"/>
      <code value="195528001"/>
      <display value="Acute rheumatic fever"/>
    </coding>
    <text value="Acute rheumatic fever"/>
  </code>
  <subject>
    <reference value="Patient/MikePondPatient"/>
  </subject>
  <onsetDateTime value="1995-02-02"/>
  <recordedDate value="2023-01-30"/>
  <recorder>
    <reference value="Practitioner/DoctorPayne"/>
  </recorder>
  <asserter>
    <reference value="Practitioner/DoctorPayne"/>
  </asserter>
</Condition>