{
  "resourceType" : "MedicationStatement",
  "id" : "BicillinMedicationStatement",
  "meta" : {
    "profile" : ["http://fhir-arf-register.nardhc.org/StructureDefinition/ARFMedicationStatement"]
  },
  "text" : {
    "status" : "generated",
    "div" : "<div xmlns=\"http://www.w3.org/1999/xhtml\"><p><b>Generated Narrative: MedicationStatement </b><a name=\"BicillinMedicationStatement\"> </a><a name=\"hcBicillinMedicationStatement\"> </a></p><div style=\"display: inline-block; background-color: #d9e0e7; padding: 6px; margin: 4px; border: 1px solid #8da1b4; border-radius: 5px; line-height: 60%\"><p style=\"margin-bottom: 0px\">ResourceMedicationStatement &quot;BicillinMedicationStatement&quot; </p><p style=\"margin-bottom: 0px\">Profile: <a href=\"StructureDefinition-ARFMedicationStatement.html\">ARFMedicationStatement</a></p></div><p><b>basedOn</b>: <a href=\"MedicationRequest-BicillinMedicationRequest.html\">MedicationRequest/BicillinMedicationRequest</a></p><p><b>status</b>: completed</p><p><b>medication</b>: Bicillin L-A 1.2 million units (1016.6 mg)/2.3 mL injection, 2.3 mL syringe <span style=\"background: LightGoldenRodYellow; margin: 4px; border: 1px solid khaki\"> (<a href=\"https://browser.ihtsdotools.org/\">SNOMED CT</a>#1276211000168102)</span></p><p><b>subject</b>: <a href=\"Patient-MikePondPatient.html\">Patient/MikePondPatient</a> &quot; POND&quot;</p><p><b>effective</b>: 2024-05-01</p><p><b>dateAsserted</b>: 2024-05-01</p><p><b>informationSource</b>: <a href=\"Practitioner-DoctorPayne.html\">Practitioner/DoctorPayne</a> &quot; PAYNE&quot;</p><blockquote><p><b>dosage</b></p><p><b>text</b>: Mike Pond booked appointment for 2pm 27-05-2024</p><p><b>patientInstruction</b>: Appointment for next Bicillin injection 2pm on 27-05-2024.  Please call if you are unable to attend.</p><p><b>timing</b>: Once per4-5 weeks</p><p><b>route</b>: Intramuscular route <span style=\"background: LightGoldenRodYellow; margin: 4px; border: 1px solid khaki\"> (<a href=\"https://browser.ihtsdotools.org/\">SNOMED CT</a>#78421000)</span></p><blockquote><p><b>doseAndRate</b></p></blockquote></blockquote></div>"
  },
  "basedOn" : [{
    "reference" : "MedicationRequest/BicillinMedicationRequest"
  }],
  "status" : "completed",
  "medicationCodeableConcept" : {
    "coding" : [{
      "system" : "http://snomed.info/sct",
      "code" : "1276211000168102",
      "display" : "Bicillin L-A 1.2 million units (1016.6 mg)/2.3 mL injection, 2.3 mL syringe"
    }]
  },
  "subject" : {
    "reference" : "Patient/MikePondPatient"
  },
  "effectiveDateTime" : "2024-05-01",
  "dateAsserted" : "2024-05-01",
  "informationSource" : {
    "reference" : "Practitioner/DoctorPayne"
  },
  "dosage" : [{
    "text" : "Mike Pond booked appointment for 2pm 27-05-2024",
    "patientInstruction" : "Appointment for next Bicillin injection 2pm on 27-05-2024.  Please call if you are unable to attend.",
    "timing" : {
      "repeat" : {
        "frequency" : 1,
        "period" : 4,
        "periodMax" : 5,
        "periodUnit" : "wk"
      }
    },
    "route" : {
      "coding" : [{
        "system" : "http://snomed.info/sct",
        "code" : "78421000",
        "display" : "Intramuscular route"
      }]
    },
    "doseAndRate" : [{
      "doseQuantity" : {
        "value" : 1016.6,
        "unit" : "mg",
        "system" : "http://unitsofmeasure.org",
        "code" : "mg"
      }
    }]
  }]
}