<?xml version="1.0" encoding="UTF-8"?>

<Organization xmlns="http://hl7.org/fhir">
  <id value="VeryRemoteClinic"/>
  <meta>
    <profile value="http://fhir-arf-register.nardhc.org/StructureDefinition/ARFOrganisation"/>
  </meta>
  <text>
    <status value="generated"/><div xmlns="http://www.w3.org/1999/xhtml"><p><b>Generated Narrative: Organization</b><a name="VeryRemoteClinic"> </a><a name="hcVeryRemoteClinic"> </a></p><div style="display: inline-block; background-color: #d9e0e7; padding: 6px; margin: 4px; border: 1px solid #8da1b4; border-radius: 5px; line-height: 60%"><p style="margin-bottom: 0px">ResourceOrganization &quot;VeryRemoteClinic&quot; </p><p style="margin-bottom: 0px">Profile: <a href="StructureDefinition-ARFOrganisation.html">ARFOrganisation</a></p></div><p><b>identifier</b>: National Organisation Identifier/8003621566684455 (use: official)</p><p><b>type</b>: Outpatient environment <span style="background: LightGoldenRodYellow; margin: 4px; border: 1px solid khaki"> (<a href="https://browser.ihtsdotools.org/">SNOWMED CT</a>#440655000)</span></p><p><b>name</b>: Very Remote Health Clinic</p><p><b>telecom</b>: <a href="tel:+61712345678">+61 7 12345678</a></p><p><b>address</b>: 2342 Main Road Coen QLD </p></div>
  </text>
  <identifier>
    <use value="official"/>
    <type>
      <coding>
        <system value="http://terminology.hl7.org.au/CodeSystem/v2-0203"/>
        <code value="NOI"/>
      </coding>
    </type>
    <system value="http://ns.electronichealth.net.au/id/hi/hpio/1.0"/>
    <value value="8003621566684455"/>
  </identifier>
  <type>
    <coding>
      <system value="http://snomed.info/sct"/>
      <code value="440655000"/>
      <display value="Outpatient environment"/>
    </coding>
  </type>
  <name value="Very Remote Health Clinic"/>
  <telecom>
    <system value="phone"/>
    <value value="+61 7 12345678"/>
  </telecom>
  <address>
    <line value="2342 Main Road"/>
    <city value="Coen"/>
    <state value="QLD"/>
  </address>
</Organization>