{
  "resourceType" : "Organization",
  "id" : "VeryRemoteClinic",
  "meta" : {
    "profile" : ["http://fhir-arf-register.nardhc.org/StructureDefinition/ARFOrganisation"]
  },
  "text" : {
    "status" : "generated",
    "div" : "<div xmlns=\"http://www.w3.org/1999/xhtml\"><p><b>Generated Narrative: Organization </b><a name=\"VeryRemoteClinic\"> </a><a name=\"hcVeryRemoteClinic\"> </a></p><div style=\"display: inline-block; background-color: #d9e0e7; padding: 6px; margin: 4px; border: 1px solid #8da1b4; border-radius: 5px; line-height: 60%\"><p style=\"margin-bottom: 0px\">ResourceOrganization &quot;VeryRemoteClinic&quot; </p><p style=\"margin-bottom: 0px\">Profile: <a href=\"StructureDefinition-ARFOrganisation.html\">ARFOrganisation</a></p></div><p><b>identifier</b>: National Organisation Identifier/8003621566684455\u00a0(use:\u00a0official)</p><p><b>type</b>: Outpatient environment <span style=\"background: LightGoldenRodYellow; margin: 4px; border: 1px solid khaki\"> (<a href=\"https://browser.ihtsdotools.org/\">SNOMED CT</a>#440655000)</span></p><p><b>name</b>: Very Remote Health Clinic</p><p><b>telecom</b>: <a href=\"tel:+61712345678\">+61 7 12345678</a></p><p><b>address</b>: 2342 Main Road Coen QLD </p></div>"
  },
  "identifier" : [{
    "use" : "official",
    "type" : {
      "coding" : [{
        "system" : "http://terminology.hl7.org.au/CodeSystem/v2-0203",
        "code" : "NOI"
      }]
    },
    "system" : "http://ns.electronichealth.net.au/id/hi/hpio/1.0",
    "value" : "8003621566684455"
  }],
  "type" : [{
    "coding" : [{
      "system" : "http://snomed.info/sct",
      "code" : "440655000",
      "display" : "Outpatient environment"
    }]
  }],
  "name" : "Very Remote Health Clinic",
  "telecom" : [{
    "system" : "phone",
    "value" : "+61 7 12345678"
  }],
  "address" : [{
    "line" : ["2342 Main Road"],
    "city" : "Coen",
    "state" : "QLD"
  }]
}