<?xml version="1.0" encoding="UTF-8"?>

<PractitionerRole xmlns="http://hl7.org/fhir">
  <id value="DoctorPayneRole1"/>
  <meta>
    <profile value="http://fhir-arf-register.nardhc.org/StructureDefinition/ARFPractitionerRole"/>
  </meta>
  <text>
    <status value="generated"/><div xmlns="http://www.w3.org/1999/xhtml"><p class="res-header-id"><b>Generated Narrative: PractitionerRole DoctorPayneRole1</b></p><a name="DoctorPayneRole1"> </a><a name="hcDoctorPayneRole1"> </a><a name="DoctorPayneRole1-en-AU"> </a><p><b>identifier</b>: Medicare Provider Number/2426621B (use: official, )</p><p><b>practitioner</b>: <a href="Practitioner-DoctorPayne.html">Practitioner Jane Payne </a></p><p><b>organization</b>: <a href="Organization-VeryRemoteClinic.html">Organization Very Remote Health Clinic</a></p><p><b>telecom</b>: <a href="tel:+61787654321">+61 7 87654321</a></p></div>
  </text>
  <identifier>
    <use value="official"/>
    <type>
      <coding>
        <system value="http://terminology.hl7.org.au/CodeSystem/v2-0203"/>
        <code value="UPIN"/>
      </coding>
    </type>
    <system value="http://ns.electronichealth.net.au/id/medicare-provider-number"/>
    <value value="2426621B"/>
  </identifier>
  <practitioner>
    <reference value="Practitioner/DoctorPayne"/>
  </practitioner>
  <organization>
    <reference value="Organization/VeryRemoteClinic"/>
  </organization>
  <telecom>
    <system value="phone"/>
    <value value="+61 7 87654321"/>
  </telecom>
</PractitionerRole>