<?xml version="1.0" encoding="UTF-8"?>

<ValueSet xmlns="http://hl7.org/fhir">
  <id value="arf-severity-vs"/>
  <text>
    <status value="generated"/><div xmlns="http://www.w3.org/1999/xhtml"><ul><li>Include these codes as defined in <a href="http://www.snomed.org/"><code>http://snomed.info/sct</code></a><table class="none"><tr><td style="white-space:nowrap"><b>Code</b></td><td><b>Display</b></td></tr><tr><td><a href="http://snomed.info/id/260413007">260413007</a></td><td>None</td></tr><tr><td><a href="http://snomed.info/id/255604002">255604002</a></td><td>Mild</td></tr><tr><td><a href="http://snomed.info/id/6736007">6736007</a></td><td>Moderate</td></tr><tr><td><a href="http://snomed.info/id/24484000">24484000</a></td><td>Severe</td></tr><tr><td><a href="http://snomed.info/id/261665006">261665006</a></td><td>Unknown</td></tr></table></li></ul></div>
  </text>
  <url value="http://fhir-arf-register.nardhc.org/ValueSet/arf-severity-vs"/>
  <version value="0.1.1"/>
  <name value="ARFSeverityVS"/>
  <title value="Acute Rheumatic Fever Condition Severity"/>
  <status value="draft"/>
  <date value="2024-05-20T17:01:27+10:00"/>
  <publisher value="D Foulkes - Northern Australia Regional Digital Health Collaborative"/>
  <contact>
    <name value="D Foulkes - Northern Australia Regional Digital Health Collaborative"/>
    <telecom>
      <system value="url"/>
      <value value="https://nardhc.org"/>
    </telecom>
  </contact>
  <description value="Acute Rheumatic Fever Condition Severity"/>
  <jurisdiction>
    <coding>
      <system value="urn:iso:std:iso:3166"/>
      <code value="AUS"/>
      <display value="Australia"/>
    </coding>
  </jurisdiction>
  <compose>
    <include>
      <system value="http://snomed.info/sct"/>
      <concept>
        <code value="260413007"/>
        <display value="None"/>
      </concept>
      <concept>
        <code value="255604002"/>
        <display value="Mild"/>
      </concept>
      <concept>
        <code value="6736007"/>
        <display value="Moderate"/>
      </concept>
      <concept>
        <code value="24484000"/>
        <display value="Severe"/>
      </concept>
      <concept>
        <code value="261665006"/>
        <display value="Unknown"/>
      </concept>
    </include>
  </compose>
</ValueSet>