{
  "resourceType" : "Condition",
  "id" : "MikePondCondition",
  "meta" : {
    "profile" : ["http://fhir-arf-register.nardhc.org/StructureDefinition/ARFCondition"]
  },
  "text" : {
    "status" : "generated",
    "div" : "<div xmlns=\"http://www.w3.org/1999/xhtml\"><p><b>Generated Narrative: Condition </b><a name=\"MikePondCondition\"> </a><a name=\"hcMikePondCondition\"> </a></p><div style=\"display: inline-block; background-color: #d9e0e7; padding: 6px; margin: 4px; border: 1px solid #8da1b4; border-radius: 5px; line-height: 60%\"><p style=\"margin-bottom: 0px\">ResourceCondition &quot;MikePondCondition&quot; </p><p style=\"margin-bottom: 0px\">Profile: <a href=\"StructureDefinition-ARFCondition.html\">ARFCondition</a></p></div><p><b>identifier</b>: <code>http://arf-register.nardhc.org/system/registration-id</code>/ARF1000123</p><p><b>clinicalStatus</b>: Active <span style=\"background: LightGoldenRodYellow; margin: 4px; border: 1px solid khaki\"> (<a href=\"http://terminology.hl7.org/5.5.0/CodeSystem-condition-clinical.html\">Condition Clinical Status Codes</a>#active)</span></p><p><b>verificationStatus</b>: Confirmed <span style=\"background: LightGoldenRodYellow; margin: 4px; border: 1px solid khaki\"> (<a href=\"http://terminology.hl7.org/5.5.0/CodeSystem-condition-ver-status.html\">ConditionVerificationStatus</a>#confirmed)</span></p><p><b>category</b>: Problem List Item <span style=\"background: LightGoldenRodYellow; margin: 4px; border: 1px solid khaki\"> (<a href=\"http://terminology.hl7.org/5.5.0/CodeSystem-condition-category.html\">Condition Category Codes</a>#problem-list-item)</span></p><p><b>severity</b>: Moderate severity <span style=\"background: LightGoldenRodYellow; margin: 4px; border: 1px solid khaki\"> (<a href=\"https://browser.ihtsdotools.org/\">SNOMED CT</a>#6736007)</span></p><p><b>code</b>: Acute rheumatic fever <span style=\"background: LightGoldenRodYellow; margin: 4px; border: 1px solid khaki\"> (<a href=\"https://browser.ihtsdotools.org/\">SNOMED CT</a>#195528001)</span></p><p><b>subject</b>: <a href=\"Patient-MikePondPatient.html\">Patient/MikePondPatient</a> &quot; POND&quot;</p><p><b>onset</b>: 1995-02-02</p><p><b>recordedDate</b>: 2023-01-30</p><p><b>recorder</b>: <a href=\"Practitioner-DoctorPayne.html\">Practitioner/DoctorPayne</a> &quot; PAYNE&quot;</p><p><b>asserter</b>: <a href=\"Practitioner-DoctorPayne.html\">Practitioner/DoctorPayne</a> &quot; PAYNE&quot;</p></div>"
  },
  "identifier" : [{
    "system" : "http://arf-register.nardhc.org/system/registration-id",
    "value" : "ARF1000123"
  }],
  "clinicalStatus" : {
    "coding" : [{
      "system" : "http://terminology.hl7.org/CodeSystem/condition-clinical",
      "code" : "active",
      "display" : "Active"
    }]
  },
  "verificationStatus" : {
    "coding" : [{
      "system" : "http://terminology.hl7.org/CodeSystem/condition-ver-status",
      "code" : "confirmed",
      "display" : "Confirmed"
    }]
  },
  "category" : [{
    "coding" : [{
      "system" : "http://terminology.hl7.org/CodeSystem/condition-category",
      "code" : "problem-list-item",
      "display" : "Problem List Item"
    }]
  }],
  "severity" : {
    "coding" : [{
      "system" : "http://snomed.info/sct",
      "code" : "6736007",
      "display" : "Moderate severity"
    }]
  },
  "code" : {
    "coding" : [{
      "system" : "http://snomed.info/sct",
      "code" : "195528001",
      "display" : "Acute rheumatic fever"
    }],
    "text" : "Acute rheumatic fever"
  },
  "subject" : {
    "reference" : "Patient/MikePondPatient"
  },
  "onsetDateTime" : "1995-02-02",
  "recordedDate" : "2023-01-30",
  "recorder" : {
    "reference" : "Practitioner/DoctorPayne"
  },
  "asserter" : {
    "reference" : "Practitioner/DoctorPayne"
  }
}